Sexo,IngresoAnual,porcentaje_gana_mas_40k,n
femenino,57506.30976590211,83.04563726649327,4229
masculino,58525.733686491694,83.86708403563688,4153
